{"critic_loss": 682.12646484375, "actor_loss": -3.8532495498657227, "frame": 18722, "_step": 73, "score": -813.4501925156314, "_timestamp": 1595471597.5291457, "_runtime": 229.0915219783783}
